age,anaemia,creatinine_phosphokinase,diabetes,ejection_fraction,high_blood_pressure,platelets,serum_creatinine,serum_sodium,time,DEATH_EVENT,risk_score,age_group_encoded,sex_0,sex_1,smoking_0,smoking_1,age_group_<40,age_group_40–60,age_group_>60
0.6363636363636362,0,0.07048908185416933,0,0.11764705882352938,1,0.5235294117647058,0.875,0.4857142857142853,0.0,1,0.2872454448017149,1,False,True,True,False,False,False,True
0.2727272727272727,0,0.9999999999999999,0,0.47058823529411764,0,0.5187000882352941,0.375,0.657142857142857,0.00711743772241993,1,0.3279742765273312,0,False,True,True,False,False,True,False
0.45454545454545436,0,0.014812922998339929,0,0.11764705882352938,0,0.22058823529411764,0.5,0.45714285714285685,0.010676156583629894,1,0.15862808145766344,1,False,True,False,True,False,False,True
0.18181818181818177,1,0.01034350657642702,0,0.11764705882352938,0,0.36176470588235293,0.875,0.6857142857142855,0.010676156583629894,1,0.2872454448017149,0,False,True,True,False,False,True,False
0.909090909090909,1,0.002170859404929128,0,0.5098039215686274,1,0.3441176470588236,1.0,0.5428571428571427,0.014234875444839857,1,0.7802786709539121,1,False,True,False,True,False,False,True
0.6363636363636362,1,0.02758268420380539,0,0.019607843137254888,0,0.11764705882352938,0.4375,0.6857142857142855,0.021352313167259784,1,0.07288317256162914,1,False,True,True,False,False,False,True
0.45454545454545436,0,0.01621759673094113,0,0.9999999999999999,0,0.5187000882352941,0.625,0.714285714285714,0.021352313167259784,1,0.92497320471597,1,True,False,True,False,False,False,True
0.3999999999999999,0,0.02566722002298557,0,0.21568627450980388,1,0.48823529411764705,0.25,0.7714285714285714,0.021352313167259784,1,0.12111468381564844,1,False,True,False,True,False,False,True
0.09090909090909083,1,0.1214404290639765,0,0.3137254901960784,0,0.14411764705882352,0.375,0.6857142857142855,0.02491103202846975,1,0.23365487674169344,0,False,True,True,False,False,True,False
0.18181818181818177,1,0.017622270463542332,0,0.47058823529411764,1,0.5558823529411765,0.375,0.6857142857142855,0.02491103202846975,1,0.3279742765273312,0,False,True,True,False,False,True,False
0.16363636363636358,1,0.006384880602732727,0,0.3137254901960784,1,1.0,0.3125,0.714285714285714,0.028469750889679717,0,0.20150053590568057,0,True,False,True,False,False,True,False
0.8545454545454545,1,0.015196015834503892,0,0.47058823529411764,0,0.5147058823529411,0.25,0.7714285714285714,0.03558718861209964,1,0.24651661307609862,1,False,True,True,False,False,False,True
0.09090909090909083,0,0.07048908185416933,0,0.0,0,0.2323529411764706,0.1875,0.3999999999999999,0.03558718861209964,1,0.0,0,False,True,True,False,False,True,False
0.5454545454545454,1,0.012131273145192184,0,0.21568627450980388,1,0.44117647058823534,0.3125,0.7714285714285714,0.03914590747330961,1,0.14790996784565916,1,True,False,True,False,False,False,True
0.1454545454545454,1,0.07048908185416933,1,0.8039215686274509,0,0.0,0.875,0.2285714285714282,0.03914590747330961,1,1.0,0,True,False,True,False,False,True,False
0.45454545454545436,1,0.0028093474652024007,0,0.21568627450980388,1,0.5558823529411765,0.5,0.6857142857142855,0.042704626334519574,0,0.22829581993569129,1,True,False,True,False,False,False,True
0.45454545454545436,1,0.012514365981356147,1,0.3137254901960784,1,0.6176470588235294,0.6875,0.657142857142857,0.05693950177935943,1,0.39442658092175775,1,True,False,True,False,False,False,True
0.509090909090909,1,0.02426254629038437,0,0.4117647058823529,1,0.5941176470588236,0.25,0.7714285714285714,0.05693950177935943,1,0.217577706323687,1,False,True,False,True,False,False,True
0.23636363636363633,0,0.0042140211978036,1,0.9019607843137255,0,0.8264705882352943,0.1875,0.6285714285714286,0.06405693950177936,0,0.39442658092175775,0,False,True,True,False,False,True,False
0.6363636363636362,0,0.07048908185416933,1,0.3137254901960784,1,0.5187000882352941,0.83125,0.5999999999999996,0.06761565836298933,1,0.4683815648445874,1,True,False,True,False,False,False,True
0.7272727272727273,0,0.015068318222449239,1,0.47058823529411764,0,0.18235294117647055,0.875,0.8857142857142852,0.06761565836298933,1,0.6538049303322615,1,False,True,False,True,False,False,True
1.0,1,0.010471204188481674,0,0.5098039215686274,1,0.3205882352941177,0.3125,0.714285714285714,0.0711743772241993,1,0.30868167202572344,1,True,False,True,False,False,False,True
0.5454545454545454,0,0.01174818030902822,1,0.6078431372549019,1,0.5794117647058823,0.5,0.657142857142857,0.07829181494661921,1,0.5069667738478028,1,False,True,False,True,False,False,True
0.7636363636363634,0,0.0051079044821861815,1,0.3137254901960784,0,0.3323529411764706,0.4375,0.5428571428571427,0.07829181494661921,1,0.2658092175777063,1,False,True,False,True,False,False,True
0.9818181818181817,0,0.07048908185416933,1,0.47058823529411764,1,0.5187000882352941,0.83125,0.5999999999999996,0.08185053380782918,1,0.6252947481243302,1,False,True,True,False,False,False,True
0.18181818181818177,1,0.027965777039969348,1,0.4117647058823529,1,0.6823529411764706,0.3125,0.4285714285714284,0.08540925266903915,1,0.255091103965702,0,True,False,True,False,False,True,False
0.18181818181818177,1,0.01647299195505044,1,0.3137254901960784,0,0.6323529411764706,0.4375,0.714285714285714,0.08896797153024912,0,0.2658092175777063,0,True,False,True,False,False,True,False
0.45454545454545436,0,0.008172647171497892,1,0.7058823529411764,1,0.29705882352941176,0.3125,0.7714285714285714,0.08896797153024912,1,0.4158628081457663,1,False,True,True,False,False,False,True
0.909090909090909,1,0.003830928361639637,1,0.7058823529411764,0,0.40882352941176475,0.3125,0.5999999999999996,0.09252669039145907,1,0.4158628081457663,1,False,True,True,False,False,False,True
0.7636363636363634,1,0.10535052994509002,1,0.7058823529411764,1,0.6882352941176471,0.3125,0.9142857142857137,0.09252669039145907,1,0.4158628081457663,1,True,False,True,False,False,False,True
0.5454545454545454,0,0.07048908185416933,0,0.11764705882352938,1,0.5187000882352941,0.83125,0.5999999999999996,0.09608540925266904,1,0.2722400857449089,1,False,True,False,True,False,False,True
0.18181818181818177,0,0.012003575533137528,1,0.3137254901960784,1,0.1941176470588235,0.4375,0.657142857142857,0.099644128113879,1,0.2658092175777063,0,True,False,False,True,False,True,False
0.5454545454545454,0,0.06908440812156813,1,0.6078431372549019,1,0.2882352941176471,0.4375,0.7428571428571424,0.10320284697508897,1,0.4587352625937835,1,False,True,False,True,False,False,True
0.5818181818181818,0,0.012386668369301494,1,0.7058823529411764,1,0.38529411764705884,0.3125,0.5999999999999996,0.10320284697508897,0,0.4158628081457663,1,False,True,True,False,False,False,True
0.36363636363636354,1,0.07125526752649725,1,0.9019607843137255,0,0.3147058823529412,0.375,0.8285714285714283,0.10320284697508897,1,0.5873526259378349,0,True,False,True,False,False,True,False
0.18181818181818177,0,0.07048908185416933,1,0.47058823529411764,0,0.6558823529411766,0.875,0.6285714285714286,0.11032028469750889,1,0.6538049303322615,0,False,True,False,True,False,True,False
0.19999999999999996,0,0.17239177627378366,0,0.21568627450980388,1,0.5411764705882354,0.25,0.4857142857142853,0.12099644128113878,1,0.12111468381564844,0,False,True,True,False,False,True,False
0.3090909090909091,1,0.0126420635934108,0,0.3137254901960784,0,0.9058823529411766,0.3125,0.7714285714285714,0.13523131672597863,1,0.20150053590568057,0,True,False,True,False,False,True,False
0.509090909090909,1,0.06985059379389605,0,0.21568627450980388,1,0.2323529411764706,0.3125,0.714285714285714,0.13879003558718858,1,0.14790996784565916,1,False,True,True,False,False,False,True
0.23636363636363633,1,0.007789554335333928,0,0.11764705882352938,1,0.973529411764706,0.5625,0.7428571428571424,0.13879003558718858,1,0.180064308681672,0,True,False,True,False,False,True,False
0.5454545454545454,1,0.004980206870131527,1,0.7058823529411764,1,0.7764705882352942,0.3125,0.5999999999999996,0.14234875444839856,1,0.4158628081457663,1,True,False,True,False,False,False,True
0.36363636363636354,1,0.0736815221555357,0,0.5098039215686274,0,0.3794117647058824,0.0625,0.714285714285714,0.1779359430604982,0,0.13719185423365488,0,False,True,False,True,False,True,False
0.16363636363636358,0,0.09692248754948282,0,0.11764705882352938,1,0.6823529411764706,0.375,0.657142857142857,0.18149466192170816,1,0.1157556270096463,0,False,True,False,True,False,True,False
0.5818181818181818,0,0.04265100242625462,1,0.11764705882352938,1,0.49117647058823527,0.5,0.657142857142857,0.19572953736654802,1,0.15862808145766344,1,False,True,False,True,False,False,True
0.09090909090909083,0,0.9796960796833097,1,0.21568627450980388,1,0.8911764705882355,0.3125,0.7428571428571424,0.19928825622775798,1,0.14790996784565916,0,False,True,True,False,False,True,False
0.2727272727272727,0,0.01008811135231771,0,0.4117647058823529,0,0.49117647058823527,0.375,0.7428571428571424,0.19928825622775798,0,0.292604501607717,0,False,True,False,True,False,True,False
0.09090909090909083,0,0.07048908185416933,0,0.4117647058823529,0,0.8764705882352941,0.3125,0.9142857142857137,0.20284697508896796,1,0.255091103965702,0,False,True,True,False,False,True,False
0.036363636363636265,1,0.028093474652024008,1,0.019607843137254888,0,0.3705882352941176,0.5,0.657142857142857,0.2170818505338078,1,0.08896034297963558,0,True,False,True,False,False,True,False
0.5818181818181818,1,0.010215808964372365,0,0.21568627450980388,0,0.55,0.3125,0.7714285714285714,0.2170818505338078,1,0.14790996784565916,1,False,True,False,True,False,False,True
0.5454545454545454,0,0.01672838717915975,0,0.21568627450980388,0,0.4617647058823529,0.4375,0.8285714285714283,0.22064056939501778,1,0.20150053590568057,1,True,False,True,False,False,False,True
0.018181818181818077,0,0.015068318222449239,0,0.5098039215686274,0,0.8441176470588236,0.1875,0.7714285714285714,0.2277580071174377,0,0.22293676312968916,0,False,True,False,True,False,True,False
0.32727272727272716,0,0.07048908185416933,1,0.4117647058823529,0,0.1029411764705882,0.25,0.7428571428571424,0.23843416370106757,0,0.217577706323687,0,False,True,False,True,False,True,False
0.8181818181818181,0,0.7472864257438385,0,0.4117647058823529,0,0.4588235294117647,0.3125,0.5428571428571427,0.24199288256227758,1,0.255091103965702,1,False,True,False,True,False,False,True
0.45454545454545436,0,0.024773336738602988,1,0.7058823529411764,0,0.18235294117647055,0.5,0.6857142857142855,0.24199288256227758,0,0.5766345123258306,1,False,True,False,True,False,False,True
0.5272727272727271,0,0.07048908185416933,0,0.11764705882352938,0,0.526470588235294,0.4375,0.5999999999999996,0.24555160142348753,1,0.13719185423365488,1,False,True,False,True,False,False,True
0.36363636363636354,1,0.002170859404929128,0,0.11764705882352938,0,0.3441176470588236,0.125,0.7428571428571424,0.24555160142348753,1,0.030010718113611994,0,False,True,False,True,False,True,False
0.5454545454545454,0,0.007917251947388583,0,0.9019607843137255,1,0.6764705882352942,0.1875,0.7714285714285714,0.24911032028469748,0,0.39442658092175775,1,True,False,False,True,False,False,True
0.036363636363636265,0,0.009194228067935128,1,0.5098039215686274,0,0.44117647058823534,0.4375,0.7714285714285714,0.24911032028469748,0,0.39442658092175775,0,False,True,True,False,False,True,False
0.6363636363636362,1,0.02209168688545524,1,0.47058823529411764,1,0.5764705882352941,0.0625,0.5142857142857142,0.24911032028469748,0,0.12433011789924973,1,False,True,False,True,False,False,True
0.2727272727272727,0,0.039075469288724296,0,0.6078431372549019,1,0.6970588235294117,0.25,0.7714285714285714,0.24911032028469748,0,0.31404072883172557,0,True,False,True,False,False,True,False
0.5454545454545454,0,0.004980206870131527,0,0.5098039215686274,0,0.6058823529411765,0.75,0.657142857142857,0.25266903914590744,0,0.6087888531618435,1,True,False,True,False,False,False,True
0.49090909090909074,0,0.07048908185416933,0,0.7058823529411764,0,0.5187000882352941,0.42499999999999993,0.6857142857142855,0.2562277580071174,0,0.5123258306538049,1,False,True,False,True,False,False,True
0.709090909090909,1,0.003192440301366364,0,0.7058823529411764,1,0.24999999999999994,0.8125,0.5714285714285712,0.26334519572953735,0,0.8445873526259379,1,False,True,True,False,False,False,True
0.34545454545454546,1,0.03192440301366364,1,0.21568627450980388,1,0.6323529411764706,0.3125,0.7999999999999998,0.26334519572953735,1,0.14790996784565916,0,True,False,True,False,False,True,False
0.19999999999999996,0,0.006129485378623418,0,0.7058823529411764,0,0.9382352941176471,0.125,0.7714285714285714,0.2669039145907473,0,0.255091103965702,0,False,True,True,False,False,True,False
0.2727272727272727,0,0.002170859404929128,0,0.4117647058823529,1,0.2529411764705883,0.375,0.6857142857142855,0.2669039145907473,0,0.292604501607717,0,False,True,True,False,False,True,False
0.45454545454545436,1,0.004852509258076874,1,0.9019607843137255,1,0.638235294117647,0.1875,0.7714285714285714,0.2669039145907473,0,0.39442658092175775,1,False,True,True,False,False,False,True
0.07272727272727264,0,0.006895671050951346,1,0.5098039215686274,1,0.4352941176470588,0.125,0.7428571428571424,0.2669039145907473,0,0.180064308681672,0,False,True,True,False,False,True,False
0.3090909090909091,1,0.010854297024645637,0,0.21568627450980388,1,0.2764705882352941,0.375,0.8857142857142852,0.2669039145907473,0,0.17470525187566993,0,False,True,True,False,False,True,False
0.5454545454545454,0,0.004597114033967564,1,0.6078431372549019,0,0.47647058823529415,0.1875,0.657142857142857,0.27046263345195726,0,0.2658092175777063,1,False,True,False,True,False,False,True
0.36363636363636354,0,0.11071382965138551,1,0.6078431372549019,0,0.6176470588235294,0.3125,0.5714285714285712,0.27046263345195726,0,0.3622722400857449,0,False,True,True,False,False,True,False
0.036363636363636265,0,0.07048908185416933,0,0.9019607843137255,0,0.5187000882352941,0.42499999999999993,0.6857142857142855,0.2775800711743772,0,0.6387995712754555,0,True,False,True,False,False,True,False
0.36363636363636354,1,0.01583450389477717,0,0.21568627450980388,0,0.36176470588235293,0.75,0.6285714285714286,0.2775800711743772,1,0.3354769560557342,0,False,True,True,False,False,True,False
0.32727272727272716,0,0.01455752777423062,1,0.47058823529411764,1,0.7058823529411764,0.125,0.8285714285714283,0.28113879003558717,0,0.165058949624866,0,True,False,True,False,False,True,False
0.32727272727272716,1,0.013152854041629419,0,0.9019607843137255,1,0.38823529411764707,0.3125,0.7999999999999998,0.28113879003558717,0,0.5230439442658092,0,False,True,True,False,False,True,False
0.4181818181818182,1,0.061805644234452804,1,0.21568627450980388,1,0.49117647058823527,0.5,0.5999999999999996,0.28113879003558717,0,0.22829581993569129,1,False,True,True,False,False,False,True
0.5454545454545454,1,0.0037032307495849823,0,0.9019607843137255,0,0.4941176470588235,0.375,0.657142857142857,0.2882562277580071,0,0.5873526259378349,1,True,False,True,False,False,False,True
0.36363636363636354,1,0.016089899118886475,1,0.21568627450980388,1,0.6794117647058824,0.4375,0.6857142857142855,0.2882562277580071,0,0.20150053590568057,0,True,False,True,False,False,True,False
0.4181818181818182,1,0.003958625973694292,1,0.5098039215686274,0,0.3941176470588235,0.375,0.7714285714285714,0.29181494661921703,0,0.3515541264737406,1,True,False,True,False,False,False,True
0.45454545454545436,1,0.035116843315030004,0,0.21568627450980388,0,0.6205882352941177,0.375,0.7999999999999998,0.29537366548042704,0,0.17470525187566993,1,False,True,True,False,False,False,True
0.6363636363636362,0,0.07048908185416933,0,0.6078431372549019,1,0.5187000882352941,0.42499999999999993,0.6857142857142855,0.29537366548042704,0,0.44908896034297957,1,False,True,True,False,False,False,True
0.7272727272727273,0,0.11084152726344017,0,0.21568627450980388,0,0.18235294117647055,0.375,0.8857142857142852,0.29537366548042704,0,0.17470525187566993,1,False,True,False,True,False,False,True
0.036363636363636265,0,0.6613459328310559,0,0.3137254901960784,0,0.40882352941176475,0.3125,0.7714285714285714,0.29537366548042704,0,0.20150053590568057,0,False,True,False,True,False,True,False
0.2727272727272727,0,0.09168688545524198,0,0.6078431372549019,0,0.5176470588235293,0.5,0.6857142857142855,0.298932384341637,0,0.5069667738478028,0,False,True,True,False,False,True,False
0.09090909090909083,1,0.2357297918528923,1,0.4117647058823529,0,0.40882352941176475,0.25,0.714285714285714,0.298932384341637,0,0.217577706323687,0,False,True,True,False,False,True,False
0.4181818181818182,0,0.11569403652151704,0,0.47058823529411764,0,0.638235294117647,0.375,0.5714285714285712,0.298932384341637,0,0.3279742765273312,1,False,True,False,True,False,False,True
0.8181818181818181,0,0.0126420635934108,0,0.9019607843137255,0,0.6441176470588235,0.4375,0.5428571428571427,0.3060498220640569,1,0.6516613076098606,1,False,True,False,True,False,False,True
0.2727272727272727,0,0.003830928361639637,0,0.4117647058823529,0,0.4147058823529412,0.4375,0.6285714285714286,0.3060498220640569,0,0.330117899249732,0,False,True,False,True,False,True,False
0.18181818181818177,0,0.043289490486527894,1,0.21568627450980388,0,0.4852941176470588,0.6875,0.657142857142857,0.3060498220640569,0,0.30868167202572344,0,False,True,True,False,False,True,False
0.5454545454545454,1,0.014429830162175966,0,0.9019607843137255,0,0.7764705882352942,0.5,0.6857142857142855,0.3060498220640569,1,0.7159699892818864,1,True,False,True,False,False,False,True
0.36363636363636354,1,0.09245307112756991,1,0.5098039215686274,1,0.7088235294117646,0.4375,0.37142857142857144,0.30960854092526685,0,0.39442658092175775,0,False,True,True,False,False,True,False
0.32727272727272716,1,0.047248116460222186,0,0.5098039215686274,0,0.2264705882352941,0.3125,0.7428571428571424,0.30960854092526685,0,0.30868167202572344,0,True,False,True,False,False,True,False
0.36363636363636354,1,0.008428042395607202,1,0.9019607843137255,1,0.5411764705882354,0.125,0.657142857142857,0.32028469750889677,0,0.330117899249732,0,True,False,True,False,False,True,False
0.45454545454545436,1,0.010598901800536329,1,0.9019607843137255,1,0.34117647058823525,0.25,0.7714285714285714,0.32028469750889677,0,0.4587352625937835,1,True,False,True,False,False,False,True
0.8363636363636362,0,0.07048908185416933,0,0.47058823529411764,0,0.5187000882352941,0.83125,0.5999999999999996,0.3238434163701067,1,0.6252947481243302,1,True,False,True,False,False,False,True
0.36363636363636354,1,0.09028221172264078,0,0.9019607843137255,1,0.36176470588235293,0.625,0.6285714285714286,0.3238434163701067,0,0.8445873526259379,0,False,True,False,True,False,True,False
0.47272727272727266,1,0.004852509258076874,1,0.47058823529411764,1,0.22058823529411764,0.3125,0.657142857142857,0.3238434163701067,0,0.2872454448017149,1,True,False,True,False,False,False,True
0.36363636363636354,0,0.008428042395607202,1,0.47058823529411764,0,0.4147058823529412,0.15625,0.7714285714285714,0.3238434163701067,0,0.18542336548767416,0,True,False,True,False,False,True,False
0.36363636363636354,1,0.07048908185416933,0,0.3137254901960784,1,0.11764705882352938,0.25,0.9142857142857137,0.3238434163701067,0,0.16934619506966772,0,True,False,True,False,False,True,False
0.05454545454545445,1,0.0418848167539267,0,0.7058823529411764,0,0.44117647058823534,0.5,0.6285714285714286,0.3309608540925267,0,0.5766345123258306,0,True,False,True,False,False,True,False
0.10909090909090902,0,0.017622270463542332,1,0.05882352941176466,1,0.5411764705882354,1.0,0.31428571428571406,0.34163701067615654,1,0.26259378349410506,0,True,False,True,False,False,True,False
0.32727272727272716,1,0.021708594049291277,1,0.9019607843137255,0,0.6264705882352941,0.1875,0.6857142857142855,0.3558718861209964,0,0.39442658092175775,0,True,False,True,False,False,True,False
0.38181818181818183,0,0.027838079427914695,0,0.3137254901960784,1,0.5294117647058825,0.125,0.657142857142857,0.3558718861209964,0,0.105037513397642,1,False,True,False,True,False,False,True
0.23636363636363633,1,0.22704635423317582,0,0.9019607843137255,1,0.47647058823529415,0.125,0.714285714285714,0.36298932384341637,0,0.330117899249732,0,False,True,False,True,False,True,False
0.10909090909090902,0,0.087983654705657,0,0.5098039215686274,1,0.5187000882352941,0.42499999999999993,0.6857142857142855,0.3665480427046263,0,0.38585209003215426,0,True,False,True,False,False,True,False
0.4181818181818182,0,0.020814710764908696,0,0.9019607843137255,1,0.611764705882353,0.5,0.9142857142857137,0.3665480427046263,0,0.7159699892818864,1,False,True,False,True,False,False,True
0.7454545454545454,0,0.5759162303664921,0,0.4117647058823529,0,0.4235294117647059,0.42499999999999993,0.6857142857142855,0.3665480427046263,0,0.322615219721329,1,False,True,False,True,False,False,True
0.6363636363636362,0,0.07048908185416933,0,0.5098039215686274,0,0.5187000882352941,0.42499999999999993,0.6857142857142855,0.3665480427046263,0,0.38585209003215426,1,False,True,True,False,False,False,True
0.45454545454545436,1,0.0037032307495849823,1,0.9019607843137255,0,0.24999999999999994,0.25,0.6857142857142855,0.3665480427046263,0,0.4587352625937835,1,True,False,True,False,False,False,True
0.509090909090909,1,0.07866172902566722,0,0.21568627450980388,0,0.6411764705882352,1.0,0.4857142857142853,0.3701067615658363,0,0.44265809217577706,1,False,True,True,False,False,False,True
0.3999999999999999,0,0.0320521006257183,1,0.4117647058823529,0,0.3941176470588235,0.3125,0.657142857142857,0.3701067615658363,0,0.255091103965702,1,True,False,True,False,False,False,True
0.18181818181818177,0,0.19384497509896562,0,0.3137254901960784,1,0.36470588235294116,0.1875,0.714285714285714,0.3701067615658363,0,0.13719185423365488,0,False,True,True,False,False,True,False
0.7272727272727273,0,0.0989656493423573,0,0.47058823529411764,0,0.5187000882352941,0.375,0.5999999999999996,0.3736654804270462,1,0.3279742765273312,1,False,True,True,False,False,False,True
0.10909090909090902,1,0.03332907674626484,0,0.4117647058823529,0,0.7676470588235296,0.25,0.7714285714285714,0.3736654804270462,0,0.217577706323687,0,True,False,True,False,False,True,False
0.18181818181818177,0,0.05771932064870386,1,0.3137254901960784,0,0.7117647058823529,0.25,0.5428571428571427,0.3736654804270462,0,0.16934619506966772,0,True,False,True,False,False,True,False
0.38181818181818183,1,0.006895671050951346,0,0.5098039215686274,1,0.4176470588235294,0.25,0.7999999999999998,0.3772241992882562,0,0.2658092175777063,1,True,False,True,False,False,False,True
0.5818181818181818,1,0.11658791980589962,0,0.21568627450980388,1,0.7382352941176471,0.75,0.7428571428571424,0.3807829181494662,1,0.3354769560557342,1,False,True,False,True,False,False,True
0.18181818181818177,0,0.019793129868471458,0,0.3137254901960784,0,0.526470588235294,0.125,0.7999999999999998,0.38434163701067614,0,0.105037513397642,0,False,True,False,True,False,True,False
0.21818181818181814,0,0.013025156429574766,0,0.3137254901960784,0,0.38529411764705884,0.125,0.657142857142857,0.38434163701067614,0,0.105037513397642,0,False,True,False,True,False,True,False
0.4363636363636363,0,0.20176222704635421,0,0.9019607843137255,0,0.45588235294117646,0.3125,0.6857142857142855,0.3879003558718861,0,0.5230439442658092,1,False,True,True,False,False,False,True
0.6363636363636362,1,0.07048908185416933,0,0.3137254901960784,0,0.4058823529411765,0.83125,0.5999999999999996,0.3879003558718861,1,0.4683815648445874,1,False,True,True,False,False,False,True
0.36363636363636354,0,0.28489337249393437,0,0.4117647058823529,1,0.4147058823529412,0.25,0.657142857142857,0.395017793594306,0,0.217577706323687,0,False,True,True,False,False,True,False
0.3999999999999999,0,0.0,1,0.9019607843137255,1,0.4617647058823529,0.25,0.7428571428571424,0.40213523131672596,0,0.4587352625937835,1,False,True,True,False,False,False,True
0.18181818181818177,0,0.010854297024645637,0,0.6078431372549019,1,0.28529411764705886,0.25,0.5999999999999996,0.4056939501779359,0,0.31404072883172557,0,False,True,False,True,False,True,False
0.18181818181818177,0,0.2318988634912527,1,0.4117647058823529,0,0.5187000882352941,0.42499999999999993,0.6857142857142855,0.40925266903914587,0,0.322615219721329,0,False,True,False,True,False,True,False
0.45454545454545436,1,0.03894777167666964,0,0.4117647058823529,1,0.4352941176470588,0.1875,0.657142857142857,0.4128113879003558,0,0.180064308681672,1,True,False,True,False,False,False,True
0.36363636363636354,1,0.02566722002298557,1,0.21568627450980388,0,0.3147058823529412,0.75,0.7714285714285714,0.4128113879003558,0,0.3354769560557342,0,False,True,True,False,False,True,False
0.21818181818181814,1,0.0035755331375303275,0,0.4117647058823529,0,0.5588235294117647,0.5625,0.657142857142857,0.4128113879003558,0,0.40514469453376206,0,True,False,True,False,False,True,False
0.18181818181818177,0,0.028093474652024008,0,0.21568627450980388,0,0.5147058823529411,0.3125,0.657142857142857,0.4128113879003558,0,0.14790996784565916,0,False,True,False,True,False,True,False
0.8181818181818181,1,0.11237389860809602,0,0.7058823529411764,0,0.4352941176470588,0.5,0.5999999999999996,0.41637010676156583,0,0.5766345123258306,1,False,True,True,False,False,False,True
0.34545454545454546,1,0.0126420635934108,0,0.6078431372549019,1,0.8088235294117647,0.375,0.7428571428571424,0.41637010676156583,0,0.41050375133976424,0,False,True,False,True,False,True,False
0.47272727272727266,1,0.005363299706295491,0,0.5098039215686274,1,0.45588235294117646,0.4375,0.5999999999999996,0.41637010676156583,0,0.39442658092175775,1,False,True,True,False,False,False,True
0.09090909090909083,1,0.012769761205465456,0,0.4117647058823529,0,0.2558823529411765,0.1875,0.7428571428571424,0.41637010676156583,0,0.180064308681672,0,False,True,False,True,False,True,False
0.09090909090909083,0,0.3080066402758268,1,0.3137254901960784,0,0.7264705882352942,0.375,0.7428571428571424,0.4448398576512455,1,0.23365487674169344,0,False,True,True,False,False,True,False
0.7272727272727273,0,0.0952624185927723,1,0.47058823529411764,1,0.30882352941176466,0.5,0.6285714285714286,0.44839857651245546,1,0.40943193997856375,1,True,False,True,False,False,False,True
0.23636363636363633,0,0.021197803601072658,0,0.9019607843137255,0,0.3911764705882353,0.125,0.5714285714285712,0.4626334519572953,0,0.330117899249732,0,False,True,False,True,False,True,False
0.45454545454545436,0,0.07048908185416933,1,0.5098039215686274,0,0.5382352941176471,0.3125,0.714285714285714,0.4839857651245551,0,0.30868167202572344,1,True,False,True,False,False,False,True
0.5454545454545454,0,0.10279657770399693,0,0.4117647058823529,1,0.6411764705882352,0.1875,0.5714285714285712,0.501779359430605,0,0.180064308681672,1,True,False,True,False,False,False,True
0.19999999999999996,1,0.07048908185416933,1,0.4117647058823529,0,0.5187000882352941,0.625,0.657142857142857,0.501779359430605,0,0.44265809217577706,0,False,True,False,True,False,True,False
0.21818181818181814,0,0.5026178010471203,0,0.5098039215686274,0,0.7,0.25,0.7714285714285714,0.505338078291815,0,0.2658092175777063,0,False,True,False,True,False,True,False
0.5454545454545454,1,0.018005363299706294,0,0.9019607843137255,1,0.26176470588235295,0.375,0.9142857142857137,0.505338078291815,0,0.5873526259378349,1,False,True,False,True,False,False,True
0.18181818181818177,1,0.010854297024645637,0,0.11764705882352938,0,0.3,0.1875,0.7428571428571424,0.505338078291815,0,0.05144694533762057,0,False,True,True,False,False,True,False
0.45454545454545436,0,0.021453198825181968,1,0.4117647058823529,1,0.5705882352941176,0.25,0.6857142857142855,0.505338078291815,0,0.217577706323687,1,False,True,False,True,False,False,True
0.36363636363636354,1,0.008300344783552547,0,0.9019607843137255,0,0.7352941176470589,0.3125,0.714285714285714,0.505338078291815,0,0.5230439442658092,0,False,True,False,True,False,True,False
0.5272727272727271,0,0.17737198314391517,0,0.5098039215686274,0,0.052941176470588214,0.3125,0.6285714285714286,0.5088967971530249,0,0.30868167202572344,1,False,True,False,True,False,False,True
0.16363636363636358,1,0.004980206870131527,0,0.7058823529411764,0,0.13235294117647056,0.3125,0.7714285714285714,0.5088967971530249,0,0.4158628081457663,0,True,False,True,False,False,True,False
0.4181818181818182,1,0.01174818030902822,1,0.9019607843137255,0,0.5294117647058825,0.4375,0.9142857142857137,0.5088967971530249,0,0.6516613076098606,1,False,True,True,False,False,False,True
0.2727272727272727,0,0.10279657770399693,0,0.5098039215686274,0,0.5647058823529412,0.125,0.7714285714285714,0.5088967971530249,0,0.180064308681672,0,False,True,False,True,False,True,False
0.0,0,0.05720853020048524,1,0.3137254901960784,0,0.6352941176470588,0.25,0.657142857142857,0.5124555160142349,0,0.16934619506966772,0,False,True,True,False,False,True,False
0.34545454545454546,1,0.018643851359979566,1,0.21568627450980388,0,0.3941176470588235,0.3125,0.657142857142857,0.5195729537366548,1,0.14790996784565916,0,False,True,False,True,False,True,False
0.45454545454545436,0,0.046609628399948914,1,0.21568627450980388,0,0.5235294117647058,0.4375,0.657142857142857,0.5338078291814947,1,0.20150053590568057,1,False,True,False,True,False,False,True
0.32727272727272716,1,0.014685225386285276,0,0.21568627450980388,0,0.38823529411764707,0.4375,0.6857142857142855,0.5907473309608541,1,0.20150053590568057,0,False,True,False,True,False,True,False
0.36363636363636354,1,0.009449623292044438,1,0.3137254901960784,0,0.8882352941176472,0.625,0.657142857142857,0.594306049822064,1,0.3622722400857449,0,False,True,True,False,False,True,False
0.18181818181818177,0,0.07048908185416933,0,0.7058823529411764,0,0.1941176470588235,0.0625,0.5999999999999996,0.597864768683274,1,0.20150053590568057,0,True,False,True,False,False,True,False
0.36363636363636354,0,0.23828374409398542,1,0.21568627450980388,0,0.8176470588235294,1.0,0.8857142857142852,0.597864768683274,1,0.44265809217577706,0,True,False,True,False,False,True,False
0.36363636363636354,1,0.015451411058613201,1,0.5098039215686274,1,0.3352941176470588,0.3125,0.657142857142857,0.597864768683274,0,0.30868167202572344,0,True,False,True,False,False,True,False
0.0,0,0.02732728897969608,0,0.6078431372549019,1,0.5529411764705883,0.25,0.7714285714285714,0.604982206405694,0,0.31404072883172557,0,True,False,True,False,False,True,False
0.7272727272727273,0,0.07048908185416933,1,0.4117647058823529,0,0.773529411764706,1.0,0.5999999999999996,0.604982206405694,0,0.6677384780278671,1,False,True,True,False,False,False,True
0.4363636363636363,1,0.004086323585748945,0,0.9019607843137255,0,0.6529411764705884,0.625,0.6285714285714286,0.604982206405694,0,0.8445873526259379,1,True,False,True,False,False,False,True
0.18181818181818177,1,0.011620482696973565,1,0.5098039215686274,0,0.5088235294117647,0.125,0.4857142857142853,0.608540925266904,0,0.180064308681672,0,False,True,True,False,False,True,False
0.5999999999999999,1,0.02566722002298557,1,0.3137254901960784,0,0.2147058823529412,0.42499999999999993,0.8285714285714283,0.6263345195729537,0,0.2593783494105037,1,False,True,False,True,False,False,True
0.09090909090909083,0,0.07048908185416933,0,0.11764705882352938,1,0.11470588235294116,0.6875,0.6285714285714286,0.6263345195729537,1,0.22293676312968916,0,False,True,True,False,False,True,False
0.6727272727272726,1,0.04954667347720597,0,0.6078431372549019,0,0.39999999999999997,0.8125,0.9142857142857137,0.6263345195729537,1,0.7481243301178992,1,False,True,True,False,False,False,True
0.09090909090909083,0,0.07048908185416933,1,0.47058823529411764,1,0.5187000882352941,0.42499999999999993,0.6857142857142855,0.6441281138790036,0,0.3605573419078242,0,True,False,True,False,False,True,False
0.45454545454545436,0,0.017494572851487675,0,0.3137254901960784,0,0.5058823529411764,0.1875,0.714285714285714,0.6476868327402135,0,0.13719185423365488,1,True,False,True,False,False,False,True
0.18181818181818177,1,0.07048908185416933,1,0.11764705882352938,1,0.5647058823529412,0.3125,0.5999999999999996,0.6476868327402135,0,0.09431939978563772,0,True,False,True,False,False,True,False
0.36363636363636354,0,0.15081087983654703,1,0.4117647058823529,0,0.5187000882352941,0.8125,0.0,0.6476868327402135,0,0.5551982851018221,0,False,True,False,True,False,True,False
0.09090909090909083,0,0.03549993615119397,1,0.9019607843137255,1,0.8529411764705883,0.3125,0.657142857142857,0.6476868327402135,0,0.5230439442658092,0,False,True,True,False,False,True,False
0.5454545454545454,0,0.008555740007661855,0,0.9019607843137255,1,0.3911764705882353,0.25,0.714285714285714,0.6476868327402135,0,0.4587352625937835,1,False,True,True,False,False,False,True
0.6909090909090909,1,0.004341718809858255,0,0.5098039215686274,0,0.5588235294117647,0.125,0.6857142857142855,0.6512455516014235,0,0.180064308681672,1,False,True,False,True,False,False,True
0.18181818181818177,1,0.017494572851487675,1,0.6078431372549019,0,0.8088235294117647,0.3125,0.657142857142857,0.6512455516014235,0,0.3622722400857449,0,True,False,True,False,False,True,False
0.0,1,0.009066530455880474,0,0.5098039215686274,0,0.40882352941176475,0.1875,0.7999999999999998,0.6512455516014235,0,0.22293676312968916,0,True,False,True,False,False,True,False
0.8181818181818181,0,0.02324096539394713,0,0.47058823529411764,0,0.2911764705882353,0.25,0.657142857142857,0.6512455516014235,0,0.24651661307609862,1,False,True,True,False,False,False,True
0.36363636363636354,1,0.28744732473502743,1,0.5098039215686274,0,0.5764705882352941,0.3125,0.7999999999999998,0.6512455516014235,0,0.30868167202572344,0,True,False,True,False,False,True,False
0.16363636363636358,0,0.1202911505554846,1,0.4117647058823529,1,0.5323529411764707,0.1875,0.4857142857142853,0.6512455516014235,0,0.180064308681672,0,True,False,True,False,False,True,False
0.5454545454545454,0,0.02324096539394713,1,0.05882352941176466,1,0.8882352941176472,0.3125,0.657142857142857,0.6548042704626335,0,0.06216505894962485,1,False,True,False,True,False,False,True
0.18181818181818177,0,0.07048908185416933,0,0.9411764705882352,1,0.1764705882352941,0.1875,0.7714285714285714,0.6690391459074734,0,0.4115755627009646,0,False,True,False,True,False,True,False
0.1454545454545454,1,0.01289745881752011,1,0.3137254901960784,1,0.4617647058823529,0.6875,0.4857142857142853,0.6725978647686833,1,0.39442658092175775,0,True,False,True,False,False,True,False
0.45454545454545436,1,0.013408249265738728,0,0.4117647058823529,1,0.5970588235294119,0.1875,0.5999999999999996,0.6761565836298933,0,0.180064308681672,1,False,True,True,False,False,False,True
0.5999999999999999,0,0.07048908185416933,0,0.4117647058823529,1,0.34117647058823525,0.5,0.5999999999999996,0.6797153024911032,0,0.367631296891747,1,False,True,True,False,False,False,True
0.5454545454545454,0,0.14966160132805514,0,0.7058823529411764,1,0.7970588235294118,0.25,0.7999999999999998,0.6832740213523132,0,0.3622722400857449,1,True,False,True,False,False,False,True
0.509090909090909,1,0.12654833354616266,1,0.4117647058823529,0,0.5411764705882354,0.375,0.5999999999999996,0.6868327402135231,0,0.292604501607717,1,False,True,True,False,False,False,True
0.2727272727272727,0,0.07048908185416933,1,0.4117647058823529,1,0.835294117647059,0.125,0.7714285714285714,0.6868327402135231,0,0.142550911039657,0,True,False,True,False,False,True,False
0.5999999999999999,0,0.07048908185416933,0,0.11764705882352938,0,0.5187000882352941,0.83125,0.5999999999999996,0.6903914590747331,1,0.2722400857449089,1,False,True,True,False,False,False,True
0.45454545454545436,0,0.011237389860809601,0,0.7058823529411764,0,0.3147058823529412,0.375,0.9142857142857137,0.697508896797153,0,0.46945337620578786,1,False,True,False,True,False,False,True
0.036363636363636265,1,0.007151066275060656,0,0.4117647058823529,0,0.8176470588235294,0.375,0.7428571428571424,0.701067615658363,0,0.292604501607717,0,False,True,False,True,False,True,False
0.1272727272727272,0,0.07048908185416933,0,0.21568627450980388,0,0.1264705882352941,0.1875,0.5999999999999996,0.701067615658363,0,0.09431939978563772,0,False,True,True,False,False,True,False
0.6363636363636362,0,0.0823649597752522,1,0.9019607843137255,0,0.5235294117647058,0.5625,0.3428571428571425,0.7153024911032029,0,0.7802786709539121,1,True,False,True,False,False,False,True
0.32727272727272716,1,0.0034478355254756736,0,0.21568627450980388,0,0.3,0.5,0.5428571428571427,0.7153024911032029,0,0.22829581993569129,0,False,True,False,True,False,True,False
0.2727272727272727,1,0.3529561997190652,0,0.4117647058823529,1,0.1588235294117647,0.3125,0.7714285714285714,0.7188612099644128,0,0.255091103965702,0,False,True,True,False,False,True,False
0.5818181818181818,0,0.023113267781892478,0,0.21568627450980388,0,0.55,0.4375,0.5999999999999996,0.7224199288256228,0,0.20150053590568057,1,True,False,True,False,False,False,True
0.5454545454545454,0,0.008044949559443237,0,0.4117647058823529,0,0.2882352941176471,0.375,0.5999999999999996,0.7259786476868327,0,0.292604501607717,1,False,True,False,True,False,False,True
0.0,1,0.0126420635934108,0,0.4117647058823529,0,0.4941176470588235,0.25,0.6857142857142855,0.7295373665480427,0,0.217577706323687,0,False,True,True,False,False,True,False
0.23636363636363633,1,0.08645128336100115,0,0.47058823529411764,0,0.7147058823529413,0.5625,0.6857142857142855,0.7295373665480427,0,0.45016077170418,0,False,True,False,True,False,True,False
0.23636363636363633,1,0.07048908185416933,0,0.6078431372549019,0,0.6411764705882352,0.375,0.6857142857142855,0.7295373665480427,0,0.41050375133976424,0,False,True,False,True,False,True,False
0.6727272727272726,1,0.01008811135231771,0,0.7058823529411764,1,0.9382352941176471,0.375,0.6857142857142855,0.7295373665480427,0,0.46945337620578786,1,False,True,True,False,False,False,True
0.6363636363636362,0,0.011365087472864256,0,0.7058823529411764,1,0.4735294117647059,0.375,1.0,0.7295373665480427,0,0.46945337620578786,1,False,True,True,False,False,False,True
0.5454545454545454,0,0.025794917635040222,0,0.3137254901960784,0,0.2529411764705883,0.4375,0.5428571428571427,0.7330960854092526,0,0.2658092175777063,1,False,True,True,False,False,False,True
0.45454545454545436,1,0.08811135231771165,1,0.5098039215686274,0,0.5,0.3125,0.657142857142857,0.7330960854092526,0,0.30868167202572344,1,True,False,True,False,False,False,True
0.2727272727272727,1,0.019154641808198185,0,0.6078431372549019,0,0.5187000882352941,0.42499999999999993,0.6857142857142855,0.7366548042704626,0,0.44908896034297957,0,False,True,False,True,False,True,False
0.45454545454545436,0,0.07048908185416933,1,0.3137254901960784,0,0.47647058823529415,0.5,0.657142857142857,0.7402135231316727,0,0.2979635584137192,1,False,True,False,True,False,False,True
0.0,0,0.007661856723279273,0,0.4117647058823529,0,0.4941176470588235,0.375,0.657142857142857,0.7402135231316727,0,0.292604501607717,0,False,True,False,True,False,True,False
0.5999999999999999,1,0.147490741923126,0,0.5098039215686274,1,0.3911764705882353,0.25,0.7999999999999998,0.7437722419928826,0,0.2658092175777063,1,True,False,True,False,False,False,True
0.2545454545454545,0,0.07048908185416933,1,0.47058823529411764,0,0.5205882352941176,0.8125,0.5999999999999996,0.7437722419928826,0,0.6130760986066452,0,False,True,True,False,False,True,False
0.38181818181818183,1,0.006384880602732727,1,0.47058823529411764,0,0.5735294117647058,0.5625,0.6857142857142855,0.7437722419928826,0,0.45016077170418,1,False,True,True,False,False,False,True
0.2727272727272727,0,0.25373515515259865,0,0.21568627450980388,0,0.6676470588235295,0.375,0.714285714285714,0.7473309608540926,1,0.17470525187566993,0,False,True,True,False,False,True,False
0.0,0,0.07585238156046481,0,0.4117647058823529,0,0.6294117647058823,0.3125,0.8285714285714283,0.7473309608540926,0,0.255091103965702,0,False,True,False,True,False,True,False
0.23636363636363633,0,0.02260247733367386,1,0.5098039215686274,0,0.39999999999999997,0.4375,0.4857142857142853,0.7473309608540926,0,0.39442658092175775,0,True,False,True,False,False,True,False
0.18181818181818177,0,0.3182224492401992,0,0.3137254901960784,1,0.9323529411764706,0.0,0.7428571428571424,0.7473309608540926,0,0.04072883172561628,0,True,False,True,False,False,True,False
0.2727272727272727,0,0.06921210573362278,1,0.4117647058823529,0,0.4235294117647059,0.1875,0.8571428571428568,0.7508896797153025,0,0.180064308681672,0,True,False,True,False,False,True,False
0.18181818181818177,0,0.027454986591750736,0,0.6078431372549019,1,0.55,0.3125,0.5714285714285712,0.7508896797153025,0,0.3622722400857449,0,False,True,True,False,False,True,False
0.5454545454545454,0,0.007406461499169964,1,0.4117647058823529,1,0.4382352941176471,0.4375,0.5428571428571427,0.7508896797153025,0,0.330117899249732,1,True,False,True,False,False,False,True
0.23636363636363633,1,0.053122206614736295,0,0.9019607843137255,1,0.5187000882352941,0.3125,0.7428571428571424,0.7508896797153025,0,0.5230439442658092,0,False,True,True,False,False,True,False
0.21818181818181814,1,0.020559315540799386,1,0.3137254901960784,1,0.7264705882352942,0.3125,0.8285714285714283,0.7544483985765125,0,0.20150053590568057,0,False,True,False,True,False,True,False
0.45454545454545436,0,0.03779849316817775,0,0.47058823529411764,0,0.6088235294117648,0.75,0.7428571428571424,0.7686832740213523,0,0.5723472668810289,1,True,False,True,False,False,False,True
0.32727272727272716,0,0.013025156429574766,1,0.47058823529411764,1,0.48823529411764705,0.3125,0.7428571428571424,0.8042704626334519,0,0.2872454448017149,0,False,True,True,False,False,True,False
0.09090909090909083,1,0.004597114033967564,1,0.21568627450980388,0,0.4294117647058823,0.1875,0.6285714285714286,0.8042704626334519,0,0.09431939978563772,0,False,True,True,False,False,True,False
0.23636363636363633,0,0.003320137913421019,0,0.7058823529411764,0,0.6499999999999999,0.125,0.6285714285714286,0.8078291814946619,0,0.255091103965702,0,False,True,False,True,False,True,False
0.2727272727272727,0,0.004597114033967564,0,0.5098039215686274,0,0.34117647058823525,0.3125,0.714285714285714,0.8149466192170819,0,0.30868167202572344,0,False,True,True,False,False,True,False
0.3999999999999999,1,0.07981100753415911,0,0.5098039215686274,0,0.5764705882352941,0.125,0.5714285714285712,0.8149466192170819,0,0.180064308681672,1,True,False,True,False,False,False,True
0.45454545454545436,1,0.02911505554846124,1,0.21568627450980388,0,0.3264705882352941,0.5625,0.45714285714285685,0.8220640569395018,1,0.255091103965702,1,False,True,True,False,False,False,True
0.509090909090909,1,0.01621759673094113,1,0.9019607843137255,0,0.3558823529411765,0.3125,0.7714285714285714,0.8291814946619217,0,0.5230439442658092,1,True,False,True,False,False,False,True
0.38181818181818183,0,0.07048908185416933,1,0.47058823529411764,0,0.1764705882352941,0.4375,0.7999999999999998,0.8291814946619217,0,0.3687031082529475,1,False,True,True,False,False,False,True
0.18181818181818177,1,0.03422296003064742,0,0.4117647058823529,0,0.8088235294117647,0.25,0.7714285714285714,0.8398576512455516,0,0.217577706323687,0,False,True,False,True,False,True,False
0.2727272727272727,0,0.14927850849189117,0,0.11764705882352938,0,0.5187000882352941,0.83125,0.5999999999999996,0.8434163701067615,1,0.2722400857449089,0,False,True,False,True,False,True,False
0.2909090909090908,1,0.013408249265738728,1,0.47058823529411764,0,0.1352941176470588,0.75,0.7714285714285714,0.8540925266903915,0,0.5723472668810289,0,False,True,True,False,False,True,False
0.09090909090909083,0,0.07048908185416933,1,0.47058823529411764,0,0.6323529411764706,0.25,0.7714285714285714,0.8540925266903915,0,0.24651661307609862,0,True,False,True,False,False,True,False
0.0,0,0.07048908185416933,1,0.4117647058823529,0,0.39705882352941174,0.3125,0.5428571428571427,0.8540925266903915,0,0.255091103965702,0,False,True,True,False,False,True,False
0.07272727272727264,0,0.07048908185416933,1,0.3137254901960784,1,0.5187000882352941,0.6875,0.4857142857142853,0.8540925266903915,0,0.39442658092175775,0,False,True,False,True,False,True,False
0.19999999999999996,0,0.07048908185416933,1,0.5098039215686274,0,0.3941176470588235,0.25,0.5999999999999996,0.8540925266903915,0,0.2658092175777063,0,True,False,True,False,False,True,False
0.49090909090909074,0,0.023368663006001787,0,0.47058823529411764,0,0.37647058823529417,0.4375,0.5714285714285712,0.8576512455516014,0,0.3687031082529475,1,True,False,True,False,False,False,True
0.036363636363636265,0,0.004341718809858255,0,0.5098039215686274,0,0.3,0.125,0.7714285714285714,0.8576512455516014,0,0.180064308681672,0,False,True,True,False,False,True,False
0.36363636363636354,1,0.028987357936406586,1,0.3137254901960784,0,0.18529411764705883,0.3125,0.6857142857142855,0.8576512455516014,0,0.20150053590568057,0,False,True,False,True,False,True,False
0.09090909090909083,0,0.07048908185416933,0,0.47058823529411764,1,0.9852941176470589,0.1875,0.6857142857142855,0.8576512455516014,0,0.20578778135048234,0,True,False,True,False,False,True,False
0.5454545454545454,0,0.07508619588813689,0,0.4117647058823529,0,0.7058823529411764,0.375,0.8285714285714283,0.8576512455516014,0,0.292604501607717,1,True,False,True,False,False,False,True
0.18181818181818177,1,0.1303792619078023,1,0.3137254901960784,0,0.4264705882352941,0.125,0.657142857142857,0.8612099644128114,0,0.105037513397642,0,True,False,True,False,False,True,False
0.5454545454545454,0,0.3403141361256544,1,0.5098039215686274,0,0.45294117647058824,0.3125,0.6857142857142855,0.8647686832740213,0,0.30868167202572344,1,False,True,True,False,False,False,True
0.45454545454545436,0,0.21172264078661726,0,0.47058823529411764,0,0.5187000882352941,0.375,0.714285714285714,0.8754448398576512,0,0.3279742765273312,1,False,True,False,True,False,False,True
0.18181818181818177,1,0.0030647426893117093,0,0.5098039215686274,0,0.5647058823529412,0.1875,0.7999999999999998,0.8754448398576512,0,0.22293676312968916,0,False,True,True,False,False,True,False
0.2727272727272727,1,0.01787766568765164,1,0.5098039215686274,0,0.7323529411764707,0.4375,0.6285714285714286,0.8754448398576512,0,0.39442658092175775,0,False,True,True,False,False,True,False
0.36363636363636354,0,0.028476567488187967,0,0.4117647058823529,0,0.5647058823529412,0.75,0.7714285714285714,0.8754448398576512,0,0.517684887459807,0,False,True,True,False,False,True,False
0.45454545454545436,0,0.11007534159111224,1,0.4117647058823529,0,0.5187000882352941,0.375,0.8285714285714283,0.896797153024911,0,0.292604501607717,1,True,False,True,False,False,False,True
0.909090909090909,1,0.03920316690077895,0,0.47058823529411764,0,0.8911764705882355,0.25,0.8857142857142852,0.896797153024911,0,0.24651661307609862,1,True,False,True,False,False,False,True
0.09090909090909083,0,0.07470310305197292,1,0.8039215686274509,0,0.39705882352941174,0.1875,0.7999999999999998,0.900355871886121,0,0.3515541264737406,0,True,False,True,False,False,True,False
0.36363636363636354,0,0.03703230749584982,0,0.4117647058823529,0,0.1352941176470588,0.5625,0.7428571428571424,0.9039145907473309,0,0.40514469453376206,0,False,True,True,False,False,True,False
0.21818181818181814,0,0.020431617928744733,1,0.47058823529411764,0,0.8676470588235294,0.3125,0.7714285714285714,0.9039145907473309,0,0.2872454448017149,0,False,True,False,True,False,True,False
0.4181818181818182,1,0.009321925679989783,1,0.4117647058823529,0,0.27058823529411763,0.25,0.657142857142857,0.9466192170818505,0,0.217577706323687,1,False,True,False,True,False,False,True
0.3999999999999999,0,0.003958625973694292,1,0.47058823529411764,1,0.2,0.375,0.8571428571428568,0.9466192170818505,0,0.3279742765273312,1,False,True,False,True,False,False,True
0.2727272727272727,0,0.22857872557783165,0,0.47058823529411764,0,0.5382352941176471,0.4375,0.7428571428571424,0.9501779359430605,0,0.3687031082529475,0,True,False,True,False,False,True,False
0.09090909090909083,0,0.30430340952624185,0,0.47058823529411764,0,0.15588235294117647,0.5625,0.7714285714285714,0.9822064056939501,0,0.45016077170418,0,False,True,False,True,False,True,False
0.18181818181818177,0,0.021197803601072658,0,0.6078431372549019,0,0.9058823529411766,0.6875,0.657142857142857,1.0,0,0.6516613076098606,0,False,True,False,True,False,True,False
